{"data_time": 0.0005016454997530673, "eta_seconds": 689.8194299999886, "fast_rcnn/cls_accuracy": 0.60546875, "fast_rcnn/false_negative": 0.6875, "fast_rcnn/fg_cls_accuracy": 0.3125, "iteration": 19, "loss_box_reg": 0.6586979925632477, "loss_cls": 0.6624508798122406, "loss_rpn_cls": 2.9037342071533203, "loss_rpn_loc": 0.34802404046058655, "lr": 1.55848e-05, "roi_head/num_bg_samples": 96.0, "roi_head/num_fg_samples": 32.0, "rpn/num_neg_anchors": 128.0, "rpn/num_pos_anchors": 128.0, "time": 1.4371238124999763, "total_loss": 4.755148649215698}
{"data_time": 0.0005088335005893896, "eta_seconds": 663.7525437500062, "fast_rcnn/cls_accuracy": 0.75, "fast_rcnn/false_negative": 0.828125, "fast_rcnn/fg_cls_accuracy": 0.171875, "iteration": 39, "loss_box_reg": 0.7624801695346832, "loss_cls": 0.6128406524658203, "loss_rpn_cls": 0.1339944340288639, "loss_rpn_loc": 0.2618875578045845, "lr": 3.15688e-05, "roi_head/num_bg_samples": 96.0, "roi_head/num_fg_samples": 32.0, "rpn/num_neg_anchors": 128.0, "rpn/num_pos_anchors": 128.0, "time": 1.4486955630000011, "total_loss": 1.9075378701090813}
{"data_time": 0.00047783300033188425, "eta_seconds": 634.893737500006, "fast_rcnn/cls_accuracy": 0.75, "fast_rcnn/false_negative": 1.0, "fast_rcnn/fg_cls_accuracy": 0.0, "iteration": 59, "loss_box_reg": 0.833724170923233, "loss_cls": 0.533534049987793, "loss_rpn_cls": 0.06372999586164951, "loss_rpn_loc": 0.22948616743087769, "lr": 4.7552799999999996e-05, "roi_head/num_bg_samples": 96.0, "roi_head/num_fg_samples": 32.0, "rpn/num_neg_anchors": 128.0, "rpn/num_pos_anchors": 128.0, "time": 1.4399153329995897, "total_loss": 1.6141098123043776}
{"data_time": 0.0005224165006438852, "eta_seconds": 609.8766101400724, "fast_rcnn/cls_accuracy": 0.75, "fast_rcnn/false_negative": 1.0, "fast_rcnn/fg_cls_accuracy": 0.0, "iteration": 79, "loss_box_reg": 0.8053746819496155, "loss_cls": 0.485025554895401, "loss_rpn_cls": 0.056486060842871666, "loss_rpn_loc": 0.15130431950092316, "lr": 6.353680000000001e-05, "roi_head/num_bg_samples": 96.0, "roi_head/num_fg_samples": 32.0, "rpn/num_neg_anchors": 128.0, "rpn/num_pos_anchors": 128.0, "time": 1.5205329580003308, "total_loss": 1.476646900177002}
{"data_time": 0.000526020499819424, "eta_seconds": 591.6134666000289, "fast_rcnn/cls_accuracy": 0.75, "fast_rcnn/false_negative": 1.0, "fast_rcnn/fg_cls_accuracy": 0.0, "iteration": 99, "loss_box_reg": 0.7940467298030853, "loss_cls": 0.45837919414043427, "loss_rpn_cls": 0.043441709131002426, "loss_rpn_loc": 0.12922453880310059, "lr": 7.952080000000001e-05, "roi_head/num_bg_samples": 96.0, "roi_head/num_fg_samples": 32.0, "rpn/num_neg_anchors": 128.0, "rpn/num_pos_anchors": 128.0, "time": 1.6479753749995325, "total_loss": 1.4562625829130411}
{"data_time": 0.0005173334998289647, "eta_seconds": 586.1706600275397, "fast_rcnn/cls_accuracy": 0.75, "fast_rcnn/false_negative": 1.0, "fast_rcnn/fg_cls_accuracy": 0.0, "iteration": 104, "loss_box_reg": 0.8027684390544891, "loss_cls": 0.4443565011024475, "loss_rpn_cls": 0.04169155843555927, "loss_rpn_loc": 0.12922453880310059, "roi_head/num_bg_samples": 96.0, "roi_head/num_fg_samples": 32.0, "rpn/num_neg_anchors": 128.0, "rpn/num_pos_anchors": 128.0, "total_loss": 1.4323030095547438}
{"iteration": 103, "lr": 8.271759999999999e-05, "time": 1.7832268959996327}
{"data_time": 0.0005045204998168629, "eta_seconds": 689.7079502401175, "fast_rcnn/cls_accuracy": 0.734375, "fast_rcnn/false_negative": 0.40625, "fast_rcnn/fg_cls_accuracy": 0.59375, "iteration": 19, "loss_box_reg": 0.6862421333789825, "loss_cls": 0.6283251047134399, "loss_rpn_cls": 2.764954447746277, "loss_rpn_loc": 0.35750971734523773, "lr": 1.55848e-05, "roi_head/num_bg_samples": 96.0, "roi_head/num_fg_samples": 32.0, "rpn/num_neg_anchors": 128.0, "rpn/num_pos_anchors": 128.0, "time": 1.4368915630002448, "total_loss": 4.409491583704948}
{"data_time": 0.0005171665002308146, "eta_seconds": 671.9260346598367, "fast_rcnn/cls_accuracy": 0.734375, "fast_rcnn/false_negative": 0.703125, "fast_rcnn/fg_cls_accuracy": 0.296875, "iteration": 39, "loss_box_reg": 0.8246960937976837, "loss_cls": 0.6077903509140015, "loss_rpn_cls": 0.09905918315052986, "loss_rpn_loc": 0.23650819063186646, "lr": 3.15688e-05, "roi_head/num_bg_samples": 96.0, "roi_head/num_fg_samples": 32.0, "rpn/num_neg_anchors": 128.0, "rpn/num_pos_anchors": 128.0, "time": 1.4841462085000785, "total_loss": 1.8093248307704926}
{"data_time": 0.0005105209997964266, "eta_seconds": 637.8449732601621, "fast_rcnn/cls_accuracy": 0.75, "fast_rcnn/false_negative": 0.984375, "fast_rcnn/fg_cls_accuracy": 0.015625, "iteration": 59, "loss_box_reg": 0.7918353378772736, "loss_cls": 0.5231515169143677, "loss_rpn_cls": 0.047001926228404045, "loss_rpn_loc": 0.17766675353050232, "lr": 4.7552799999999996e-05, "roi_head/num_bg_samples": 96.0, "roi_head/num_fg_samples": 32.0, "rpn/num_neg_anchors": 128.0, "rpn/num_pos_anchors": 128.0, "time": 1.4496476665003684, "total_loss": 1.5778448162600398}
{"data_time": 0.0005152499998075655, "eta_seconds": 625.4825499300659, "fast_rcnn/cls_accuracy": 0.75, "fast_rcnn/false_negative": 1.0, "fast_rcnn/fg_cls_accuracy": 0.0, "iteration": 79, "loss_box_reg": 0.8079425692558289, "loss_cls": 0.4765687435865402, "loss_rpn_cls": 0.057223133742809296, "loss_rpn_loc": 0.17669448256492615, "lr": 6.353680000000001e-05, "roi_head/num_bg_samples": 96.0, "roi_head/num_fg_samples": 32.0, "rpn/num_neg_anchors": 128.0, "rpn/num_pos_anchors": 128.0, "time": 1.5688540414998897, "total_loss": 1.5214913487434387}
{"data_time": 0.0005325834995346668, "eta_seconds": 607.5938832000247, "fast_rcnn/cls_accuracy": 0.75390625, "fast_rcnn/false_negative": 0.984375, "fast_rcnn/fg_cls_accuracy": 0.015625, "iteration": 99, "loss_box_reg": 0.7634719908237457, "loss_cls": 0.4408574551343918, "loss_rpn_cls": 0.046152908354997635, "loss_rpn_loc": 0.1580055058002472, "lr": 7.952080000000001e-05, "roi_head/num_bg_samples": 96.0, "roi_head/num_fg_samples": 32.0, "rpn/num_neg_anchors": 128.0, "rpn/num_pos_anchors": 128.0, "time": 1.7607421244997568, "total_loss": 1.3779712496325374}
{"data_time": 0.0005091250000077707, "eta_seconds": 568.0495390399847, "fast_rcnn/cls_accuracy": 0.78125, "fast_rcnn/false_negative": 0.859375, "fast_rcnn/fg_cls_accuracy": 0.140625, "iteration": 119, "loss_box_reg": 0.7545788586139679, "loss_cls": 0.4116065949201584, "loss_rpn_cls": 0.03212922066450119, "loss_rpn_loc": 0.15752293169498444, "lr": 9.55048e-05, "roi_head/num_bg_samples": 96.0, "roi_head/num_fg_samples": 32.0, "rpn/num_neg_anchors": 128.0, "rpn/num_pos_anchors": 128.0, "time": 1.486952729499535, "total_loss": 1.356654909439385}
{"data_time": 0.00047702099982416257, "eta_seconds": 538.1521948799855, "fast_rcnn/cls_accuracy": 0.84765625, "fast_rcnn/false_negative": 0.609375, "fast_rcnn/fg_cls_accuracy": 0.390625, "iteration": 139, "loss_box_reg": 0.7231536209583282, "loss_cls": 0.3571501076221466, "loss_rpn_cls": 0.028779742307960987, "loss_rpn_loc": 0.1477794051170349, "lr": 0.00011148880000000002, "roi_head/num_bg_samples": 96.0, "roi_head/num_fg_samples": 32.0, "rpn/num_neg_anchors": 128.0, "rpn/num_pos_anchors": 128.0, "time": 1.4980669374999707, "total_loss": 1.1921921693719923}
{"data_time": 0.00047764600049049477, "eta_seconds": 507.4410678599361, "fast_rcnn/cls_accuracy": 0.8671875, "fast_rcnn/false_negative": 0.53125, "fast_rcnn/fg_cls_accuracy": 0.46875, "iteration": 159, "loss_box_reg": 0.6979826092720032, "loss_cls": 0.32524171471595764, "loss_rpn_cls": 0.02234850451350212, "loss_rpn_loc": 0.14603735506534576, "lr": 0.0001274728, "roi_head/num_bg_samples": 96.0, "roi_head/num_fg_samples": 32.0, "rpn/num_neg_anchors": 128.0, "rpn/num_pos_anchors": 128.0, "time": 1.455204458499793, "total_loss": 1.1499701226130128}
{"data_time": 0.0005043535002187127, "eta_seconds": 477.59159327993984, "fast_rcnn/cls_accuracy": 0.8828125, "fast_rcnn/false_negative": 0.4375, "fast_rcnn/fg_cls_accuracy": 0.5625, "iteration": 179, "loss_box_reg": 0.6584925353527069, "loss_cls": 0.28963427245616913,